標準化,半減期,コストbp,期間,AR,RISK,R/R,MDD,t(NW),回転率,損益分岐bp,N
素,なし,0.0,全期間,20.077,11.522,1.742,39.729,5.333,2.17,3.671,2771.0
素,なし,0.0,〜2023,27.877,10.47,2.663,8.407,7.817,2.185,5.062,2144.0
素,なし,0.0,2024〜,-6.596,14.439,-0.457,39.729,-0.652,2.118,-1.236,627.0
素,なし,0.0,2026〜,-63.454,20.608,-3.079,39.729,-2.256,2.319,-10.856,159.0
素,なし,5.0,全期間,-7.266,11.651,-0.624,72.14,-1.899,2.17,3.671,2771.0
素,なし,5.0,〜2023,0.343,10.612,0.032,34.922,0.094,2.185,5.062,2144.0
素,なし,5.0,2024〜,-33.283,14.55,-2.287,58.19,-3.238,2.118,-1.236,627.0
素,なし,5.0,2026〜,-92.68,20.652,-4.488,47.45,-3.274,2.319,-10.856,159.0
素,なし,10.0,全期間,-34.609,11.941,-2.898,97.977,-8.811,2.17,3.671,2771.0
素,なし,10.0,〜2023,-27.192,10.926,-2.489,90.803,-7.215,2.185,5.062,2144.0
素,なし,10.0,2024〜,-59.97,14.797,-4.053,78.215,-5.7,2.118,-1.236,627.0
素,なし,10.0,2026〜,-121.905,20.8,-5.861,55.442,-4.267,2.319,-10.856,159.0
素,なし,20.0,全期間,-89.294,12.955,-6.893,99.995,-21.071,2.17,3.671,2771.0
素,なし,20.0,〜2023,-82.26,12.014,-6.847,99.916,-19.763,2.185,5.062,2144.0
素,なし,20.0,2024〜,-113.344,15.67,-7.233,94.273,-10.119,2.118,-1.236,627.0
素,なし,20.0,2026〜,-180.357,21.399,-8.428,69.095,-6.15,2.319,-10.856,159.0
素,3.0,0.0,全期間,14.343,11.227,1.278,32.179,4.141,0.971,5.864,2771.0
素,3.0,0.0,〜2023,20.371,10.218,1.994,13.87,5.487,0.965,8.373,2144.0
素,3.0,0.0,2024〜,-6.269,14.076,-0.445,32.179,-0.777,0.988,-2.517,627.0
素,3.0,0.0,2026〜,-45.143,19.529,-2.312,28.232,-1.926,1.358,-13.186,159.0
素,3.0,5.0,全期間,2.113,11.246,0.188,42.736,0.6,0.971,5.864,2771.0
素,3.0,5.0,〜2023,8.206,10.195,0.805,24.267,2.188,0.965,8.373,2144.0
素,3.0,5.0,2024〜,-18.72,14.199,-1.318,40.608,-2.246,0.988,-2.517,627.0
素,3.0,5.0,2026〜,-62.26,19.651,-3.168,34.33,-2.607,1.358,-13.186,159.0
素,3.0,10.0,全期間,-10.117,11.376,-0.889,80.905,-2.786,0.971,5.864,2771.0
素,3.0,10.0,〜2023,-3.959,10.29,-0.385,58.901,-1.03,0.965,8.373,2144.0
素,3.0,10.0,2024〜,-31.172,14.418,-2.162,56.022,-3.586,0.988,-2.517,627.0
素,3.0,10.0,2026〜,-79.377,19.864,-3.996,40.957,-3.242,1.358,-13.186,159.0
素,3.0,20.0,全期間,-34.576,11.948,-2.894,98.009,-8.709,0.971,5.864,2771.0
素,3.0,20.0,〜2023,-28.289,10.818,-2.615,91.93,-6.762,0.965,8.373,2144.0
素,3.0,20.0,2024〜,-56.074,15.123,-3.708,76.331,-5.822,0.988,-2.517,627.0
素,3.0,20.0,2026〜,-113.611,20.546,-5.529,52.327,-4.34,1.358,-13.186,159.0
素,5.0,0.0,全期間,14.041,11.327,1.24,19.918,4.226,0.794,7.021,2771.0
素,5.0,0.0,〜2023,19.156,10.237,1.871,12.742,5.326,0.803,9.467,2144.0
素,5.0,0.0,2024〜,-3.449,14.402,-0.24,19.918,-0.434,0.762,-1.797,627.0
素,5.0,0.0,2026〜,-24.503,19.952,-1.228,19.918,-1.017,1.195,-8.137,159.0
素,5.0,5.0,全期間,4.041,11.338,0.356,31.606,1.202,0.794,7.021,2771.0
素,5.0,5.0,〜2023,9.038,10.226,0.884,21.922,2.496,0.803,9.467,2144.0
素,5.0,5.0,2024〜,-13.047,14.469,-0.902,31.606,-1.608,0.762,-1.797,627.0
素,5.0,5.0,2026〜,-39.56,20.121,-1.966,25.77,-1.611,1.195,-8.137,159.0
素,5.0,10.0,全期間,-5.959,11.437,-0.521,69.743,-1.725,0.794,7.021,2771.0
素,5.0,10.0,〜2023,-1.079,10.311,-0.105,52.504,-0.291,0.803,9.467,2144.0
素,5.0,10.0,2024〜,-22.645,14.61,-1.55,45.484,-2.701,0.762,-1.797,627.0
素,5.0,10.0,2026〜,-54.616,20.366,-2.682,31.64,-2.166,1.195,-8.137,159.0
素,5.0,20.0,全期間,-25.959,11.89,-2.183,95.239,-6.866,0.794,7.021,2771.0
素,5.0,20.0,〜2023,-21.314,10.758,-1.981,86.464,-5.278,0.803,9.467,2144.0
素,5.0,20.0,2024〜,-41.84,15.104,-2.77,66.012,-4.563,0.762,-1.797,627.0
素,5.0,20.0,2026〜,-84.729,21.073,-4.021,43.075,-3.137,1.195,-8.137,159.0
素,10.0,0.0,全期間,11.921,11.194,1.065,22.604,3.556,0.574,8.244,2771.0
素,10.0,0.0,〜2023,16.918,10.198,1.659,8.643,4.589,0.568,11.829,2144.0
素,10.0,0.0,2024〜,-5.167,14.034,-0.368,22.604,-0.686,0.595,-3.445,627.0
素,10.0,0.0,2026〜,-17.446,18.867,-0.925,22.604,-0.833,0.757,-9.143,159.0
素,10.0,5.0,全期間,4.691,11.192,0.419,34.185,1.401,0.574,8.244,2771.0
素,10.0,5.0,〜2023,9.767,10.172,0.96,20.323,2.668,0.568,11.829,2144.0
素,10.0,5.0,2024〜,-12.667,14.09,-0.899,33.913,-1.658,0.595,-3.445,627.0
素,10.0,5.0,2026〜,-26.987,19.0,-1.42,25.324,-1.27,0.757,-9.143,159.0
素,10.0,10.0,全期間,-2.539,11.255,-0.226,55.18,-0.75,0.574,8.244,2771.0
素,10.0,10.0,〜2023,2.616,10.215,0.256,40.462,0.71,0.568,11.829,2144.0
素,10.0,10.0,2024〜,-20.166,14.201,-1.42,44.103,-2.581,0.595,-3.445,627.0
素,10.0,10.0,2026〜,-36.528,19.178,-1.905,28.181,-1.684,0.757,-9.143,159.0
素,10.0,20.0,全期間,-16.999,11.567,-1.47,87.958,-4.751,0.574,8.244,2771.0
素,10.0,20.0,〜2023,-11.686,10.503,-1.113,70.587,-3.019,0.568,11.829,2144.0
素,10.0,20.0,2024〜,-35.166,14.583,-2.411,60.646,-4.211,0.595,-3.445,627.0
素,10.0,20.0,2026〜,-55.611,19.657,-2.829,34.566,-2.428,0.757,-9.143,159.0
z化,なし,0.0,全期間,20.077,11.522,1.742,39.729,5.333,2.17,3.671,2771.0
z化,なし,0.0,〜2023,27.877,10.47,2.663,8.407,7.817,2.185,5.062,2144.0
z化,なし,0.0,2024〜,-6.596,14.439,-0.457,39.729,-0.652,2.118,-1.236,627.0
z化,なし,0.0,2026〜,-63.454,20.608,-3.079,39.729,-2.256,2.319,-10.856,159.0
z化,なし,5.0,全期間,-7.266,11.651,-0.624,72.14,-1.899,2.17,3.671,2771.0
z化,なし,5.0,〜2023,0.343,10.612,0.032,34.922,0.094,2.185,5.062,2144.0
z化,なし,5.0,2024〜,-33.283,14.55,-2.287,58.19,-3.238,2.118,-1.236,627.0
z化,なし,5.0,2026〜,-92.68,20.652,-4.488,47.45,-3.274,2.319,-10.856,159.0
z化,なし,10.0,全期間,-34.609,11.941,-2.898,97.977,-8.811,2.17,3.671,2771.0
z化,なし,10.0,〜2023,-27.192,10.926,-2.489,90.803,-7.215,2.185,5.062,2144.0
z化,なし,10.0,2024〜,-59.97,14.797,-4.053,78.215,-5.7,2.118,-1.236,627.0
z化,なし,10.0,2026〜,-121.905,20.8,-5.861,55.442,-4.267,2.319,-10.856,159.0
z化,なし,20.0,全期間,-89.294,12.955,-6.893,99.995,-21.071,2.17,3.671,2771.0
z化,なし,20.0,〜2023,-82.26,12.014,-6.847,99.916,-19.763,2.185,5.062,2144.0
z化,なし,20.0,2024〜,-113.344,15.67,-7.233,94.273,-10.119,2.118,-1.236,627.0
z化,なし,20.0,2026〜,-180.357,21.399,-8.428,69.095,-6.15,2.319,-10.856,159.0
z化,3.0,0.0,全期間,11.002,11.178,0.984,34.966,3.054,1.218,3.585,2771.0
z化,3.0,0.0,〜2023,16.181,10.246,1.579,14.992,4.406,1.215,5.284,2144.0
z化,3.0,0.0,2024〜,-6.708,13.854,-0.484,34.966,-0.73,1.226,-2.171,627.0
z化,3.0,0.0,2026〜,-56.156,18.682,-3.006,31.43,-2.645,1.696,-13.142,159.0
z化,3.0,5.0,全期間,-4.342,11.244,-0.386,65.71,-1.19,1.218,3.585,2771.0
z化,3.0,5.0,〜2023,0.868,10.3,0.084,44.97,0.233,1.215,5.284,2144.0
z化,3.0,5.0,2024〜,-22.157,13.953,-1.588,48.338,-2.386,1.226,-2.171,627.0
z化,3.0,5.0,2026〜,-77.52,18.764,-4.131,39.995,-3.628,1.696,-13.142,159.0
z化,3.0,10.0,全期間,-19.685,11.411,-1.725,91.836,-5.248,1.218,3.585,2771.0
z化,3.0,10.0,〜2023,-14.444,10.462,-1.381,78.737,-3.769,1.215,5.284,2144.0
z化,3.0,10.0,2024〜,-37.607,14.137,-2.66,62.27,-3.959,1.226,-2.171,627.0
z化,3.0,10.0,2026〜,-98.885,18.92,-5.226,47.598,-4.565,1.696,-13.142,159.0
z化,3.0,20.0,全期間,-50.373,12.026,-4.189,99.648,-12.269,1.218,3.585,2771.0
z化,3.0,20.0,〜2023,-45.07,11.088,-4.065,98.014,-10.66,1.215,5.284,2144.0
z化,3.0,20.0,2024〜,-68.506,14.744,-4.647,82.578,-6.693,1.226,-2.171,627.0
z化,3.0,20.0,2026〜,-141.614,19.446,-7.282,60.061,-6.244,1.696,-13.142,159.0
z化,5.0,0.0,全期間,5.637,10.911,0.517,37.439,1.628,1.0,2.237,2771.0
z化,5.0,0.0,〜2023,10.692,10.065,1.062,21.619,2.985,0.996,4.26,2144.0
z化,5.0,0.0,2024〜,-11.651,13.36,-0.872,37.439,-1.327,1.013,-4.564,627.0
z化,5.0,0.0,2026〜,-61.451,17.186,-3.576,34.152,-3.457,1.426,-17.096,159.0
z化,5.0,5.0,全期間,-6.961,10.971,-0.634,70.66,-1.979,1.0,2.237,2771.0
z化,5.0,5.0,〜2023,-1.856,10.125,-0.183,50.516,-0.509,0.996,4.26,2144.0
z化,5.0,5.0,2024〜,-24.416,13.42,-1.819,49.234,-2.753,1.013,-4.564,627.0
z化,5.0,5.0,2026〜,-79.424,17.273,-4.598,40.801,-4.401,1.426,-17.096,159.0
z化,5.0,10.0,全期間,-19.558,11.113,-1.76,91.046,-5.383,1.0,2.237,2771.0
z化,5.0,10.0,〜2023,-14.404,10.272,-1.402,76.97,-3.807,0.996,4.26,2144.0
z化,5.0,10.0,2024〜,-37.181,13.551,-2.744,61.745,-4.103,1.013,-4.564,627.0
z化,5.0,10.0,2026〜,-97.397,17.43,-5.588,47.011,-5.265,1.426,-17.096,159.0
z化,5.0,20.0,全期間,-44.753,11.628,-3.849,99.352,-11.128,1.0,2.237,2771.0
z化,5.0,20.0,〜2023,-39.501,10.812,-3.654,96.845,-9.329,0.996,4.26,2144.0
z化,5.0,20.0,2024〜,-62.711,14.016,-4.474,79.766,-6.44,1.013,-4.564,627.0
z化,5.0,20.0,2026〜,-133.343,17.941,-7.432,57.833,-6.708,1.426,-17.096,159.0
z化,10.0,0.0,全期間,2.308,10.839,0.213,26.082,0.706,0.754,1.215,2771.0
z化,10.0,0.0,〜2023,5.094,10.051,0.507,17.791,1.456,0.777,2.6,2144.0
z化,10.0,0.0,2024〜,-7.217,13.173,-0.548,26.082,-0.914,0.675,-4.243,627.0
z化,10.0,0.0,2026〜,-36.616,16.763,-2.184,22.824,-1.984,0.85,-17.088,159.0
z化,10.0,5.0,全期間,-7.195,10.883,-0.661,68.079,-2.179,0.754,1.215,2771.0
z化,10.0,5.0,〜2023,-4.701,10.112,-0.465,54.27,-1.32,0.777,2.6,2144.0
z化,10.0,5.0,2024〜,-15.721,13.179,-1.193,37.334,-2.001,0.675,-4.243,627.0
z化,10.0,5.0,2026〜,-47.33,16.814,-2.815,27.622,-2.53,0.85,-17.088,159.0
z化,10.0,10.0,全期間,-16.698,10.984,-1.52,87.873,-4.919,0.754,1.215,2771.0
z化,10.0,10.0,〜2023,-14.497,10.235,-1.416,77.439,-3.931,0.777,2.6,2144.0
z化,10.0,10.0,2024〜,-24.226,13.226,-1.832,47.448,-3.062,0.675,-4.243,627.0
z化,10.0,10.0,2026〜,-58.044,16.9,-3.435,32.125,-3.041,0.85,-17.088,159.0
z化,10.0,20.0,全期間,-35.705,11.351,-3.146,98.264,-9.569,0.754,1.215,2771.0
z化,10.0,20.0,〜2023,-34.088,10.663,-3.197,95.062,-8.307,0.777,2.6,2144.0
z化,10.0,20.0,2024〜,-41.235,13.445,-3.067,65.436,-4.964,0.675,-4.243,627.0
z化,10.0,20.0,2026〜,-79.472,17.179,-4.626,40.627,-3.933,0.85,-17.088,159.0
