,us_cc,jp_cc,jp_oc
2010-01,8.5,16.1,17.0
2010-02,9.0,17.0,17.0
2010-03,9.0,17.0,17.0
2010-04,9.0,17.0,17.0
2010-05,9.0,17.0,17.0
2010-06,9.0,17.0,17.0
2010-07,9.0,17.0,17.0
2010-08,9.0,17.0,17.0
2010-09,9.0,17.0,17.0
2010-10,9.0,17.0,17.0
2010-11,9.0,17.0,17.0
2010-12,9.0,17.0,17.0
2011-01,9.0,17.0,17.0
2011-02,9.0,17.0,17.0
2011-03,9.0,17.0,17.0
2011-04,9.0,17.0,17.0
2011-05,9.0,17.0,17.0
2011-06,9.0,17.0,17.0
2011-07,9.0,17.0,17.0
2011-08,9.0,17.0,17.0
2011-09,9.0,17.0,17.0
2011-10,9.0,17.0,17.0
2011-11,9.0,17.0,17.0
2011-12,9.0,17.0,17.0
2012-01,9.0,17.0,17.0
2012-02,9.0,17.0,17.0
2012-03,9.0,17.0,17.0
2012-04,9.0,17.0,17.0
2012-05,9.0,17.0,17.0
2012-06,9.0,17.0,17.0
2012-07,9.0,17.0,17.0
2012-08,9.0,17.0,17.0
2012-09,9.0,17.0,17.0
2012-10,9.0,17.0,17.0
2012-11,9.0,17.0,17.0
2012-12,9.0,17.0,17.0
2013-01,9.0,17.0,17.0
2013-02,9.0,17.0,17.0
2013-03,9.0,17.0,17.0
2013-04,9.0,17.0,17.0
2013-05,9.0,17.0,17.0
2013-06,9.0,17.0,17.0
2013-07,9.0,17.0,17.0
2013-08,9.0,17.0,17.0
2013-09,9.0,17.0,17.0
2013-10,9.0,17.0,17.0
2013-11,9.0,17.0,17.0
2013-12,9.0,17.0,17.0
2014-01,9.0,17.0,17.0
2014-02,9.0,17.0,17.0
2014-03,9.0,17.0,17.0
2014-04,9.0,17.0,17.0
2014-05,9.0,17.0,17.0
2014-06,9.0,17.0,17.0
2014-07,9.0,17.0,17.0
2014-08,9.0,17.0,17.0
2014-09,9.0,17.0,17.0
2014-10,9.0,17.0,17.0
2014-11,9.0,17.0,17.0
2014-12,9.0,17.0,17.0
2015-01,9.0,16.9,17.0
2015-02,9.0,17.0,17.0
2015-03,9.0,17.0,17.0
2015-04,9.0,17.0,17.0
2015-05,9.0,17.0,17.0
2015-06,9.0,17.0,17.0
2015-07,9.0,17.0,17.0
2015-08,9.0,17.0,17.0
2015-09,9.0,17.0,17.0
2015-10,9.7,17.0,17.0
2015-11,10.0,17.0,17.0
2015-12,10.0,17.0,17.0
2016-01,10.0,17.0,17.0
2016-02,10.0,17.0,17.0
2016-03,10.0,17.0,17.0
2016-04,10.0,17.0,17.0
2016-05,10.0,17.0,17.0
2016-06,10.0,17.0,17.0
2016-07,10.0,17.0,17.0
2016-08,10.0,17.0,17.0
2016-09,10.0,17.0,17.0
2016-10,10.0,17.0,17.0
2016-11,10.0,17.0,17.0
2016-12,10.0,17.0,17.0
2017-01,10.0,17.0,17.0
2017-02,10.0,17.0,17.0
2017-03,10.0,17.0,17.0
2017-04,10.0,17.0,17.0
2017-05,10.0,17.0,17.0
2017-06,10.0,17.0,17.0
2017-07,10.0,17.0,17.0
2017-08,10.0,17.0,17.0
2017-09,10.0,17.0,17.0
2017-10,10.0,17.0,17.0
2017-11,10.0,17.0,17.0
2017-12,10.0,17.0,17.0
2018-01,10.0,17.0,17.0
2018-02,10.0,17.0,17.0
2018-03,10.0,17.0,17.0
2018-04,10.0,17.0,17.0
2018-05,10.0,17.0,17.0
2018-06,10.4,17.0,17.0
2018-07,11.0,17.0,17.0
2018-08,11.0,17.0,17.0
2018-09,11.0,17.0,17.0
2018-10,11.0,17.0,17.0
2018-11,11.0,17.0,17.0
2018-12,11.0,17.0,17.0
2019-01,11.0,17.0,17.0
2019-02,11.0,17.0,17.0
2019-03,11.0,17.0,17.0
2019-04,11.0,17.0,17.0
2019-05,11.0,17.0,17.0
2019-06,11.0,17.0,17.0
2019-07,11.0,17.0,17.0
2019-08,11.0,17.0,17.0
2019-09,11.0,17.0,17.0
2019-10,11.0,17.0,17.0
2019-11,11.0,17.0,17.0
2019-12,11.0,17.0,17.0
2020-01,11.0,17.0,17.0
2020-02,11.0,17.0,17.0
2020-03,11.0,17.0,17.0
2020-04,11.0,17.0,17.0
2020-05,11.0,17.0,17.0
2020-06,11.0,17.0,17.0
2020-07,11.0,17.0,17.0
2020-08,11.0,17.0,17.0
2020-09,11.0,17.0,17.0
2020-10,11.0,17.0,17.0
2020-11,11.0,17.0,17.0
2020-12,11.0,17.0,17.0
2021-01,11.0,17.0,17.0
2021-02,11.0,17.0,17.0
2021-03,11.0,17.0,17.0
2021-04,11.0,17.0,17.0
2021-05,11.0,17.0,17.0
2021-06,11.0,17.0,17.0
2021-07,11.0,17.0,17.0
2021-08,11.0,17.0,17.0
2021-09,11.0,17.0,17.0
2021-10,11.0,17.0,17.0
2021-11,11.0,17.0,17.0
2021-12,11.0,17.0,17.0
2022-01,11.0,17.0,17.0
2022-02,11.0,17.0,17.0
2022-03,11.0,17.0,17.0
2022-04,11.0,17.0,17.0
2022-05,11.0,17.0,17.0
2022-06,11.0,17.0,17.0
2022-07,11.0,17.0,17.0
2022-08,11.0,17.0,17.0
2022-09,11.0,17.0,17.0
2022-10,11.0,17.0,17.0
2022-11,11.0,17.0,17.0
2022-12,11.0,17.0,17.0
2023-01,11.0,17.0,17.0
2023-02,11.0,17.0,17.0
2023-03,11.0,17.0,17.0
2023-04,11.0,17.0,17.0
2023-05,11.0,17.0,17.0
2023-06,11.0,17.0,17.0
2023-07,11.0,17.0,17.0
2023-08,11.0,17.0,17.0
2023-09,11.0,17.0,17.0
2023-10,11.0,17.0,17.0
2023-11,11.0,17.0,17.0
2023-12,11.0,17.0,17.0
2024-01,11.0,17.0,17.0
2024-02,11.0,17.0,17.0
2024-03,11.0,17.0,17.0
2024-04,11.0,17.0,17.0
2024-05,11.0,17.0,17.0
2024-06,11.0,17.0,17.0
2024-07,11.0,17.0,17.0
2024-08,11.0,17.0,17.0
2024-09,11.0,17.0,17.0
2024-10,11.0,17.0,17.0
2024-11,11.0,17.0,17.0
2024-12,11.0,17.0,17.0
2025-01,11.0,17.0,17.0
2025-02,11.0,17.0,17.0
2025-03,11.0,17.0,17.0
2025-04,11.0,17.0,17.0
2025-05,11.0,17.0,17.0
2025-06,11.0,17.0,17.0
2025-07,11.0,17.0,17.0
2025-08,11.0,17.0,17.0
2025-09,11.0,17.0,17.0
2025-10,11.0,15.5,16.3
2025-11,11.0,17.0,17.0
2025-12,11.0,17.0,17.0
2026-01,11.0,17.0,17.0
2026-02,11.0,17.0,17.0
2026-03,11.0,17.0,17.0
2026-04,11.0,17.0,17.0
2026-05,11.0,17.0,17.0
2026-06,11.0,17.0,17.0
2026-07,11.0,17.0,17.0
2026-08,11.0,17.0,17.0
